date,team,group,champion,runnerUp,reachFinal,reachSemi,escapeGroup
2026-06-21,ALG,J,0.0051,0.0111,0.0161,0.0443,0.6214
2026-06-21,ARG,J,0.1972,0.0986,0.2958,0.4334,0.9977
2026-06-21,AUS,D,0.0053,0.0111,0.0164,0.0459,0.9431
2026-06-21,AUT,J,0.0083,0.0178,0.0261,0.0709,0.9439
2026-06-21,BEL,G,0.0294,0.0414,0.0709,0.1492,0.8906
2026-06-21,BIH,B,0.0000,0.0003,0.0003,0.0028,0.4297
2026-06-21,BRA,C,0.0885,0.0678,0.1563,0.2873,1.0000
2026-06-21,CAN,B,0.0065,0.0146,0.0211,0.0605,1.0000
2026-06-21,CIV,E,0.0025,0.0068,0.0093,0.0355,0.9522
2026-06-21,COD,K,0.0002,0.0009,0.0011,0.0055,0.4014
2026-06-21,COL,K,0.0708,0.0677,0.1385,0.2514,0.9921
2026-06-21,CPV,H,0.0000,0.0004,0.0004,0.0025,0.4421
2026-06-21,CRO,L,0.0127,0.0227,0.0354,0.0823,0.8228
2026-06-21,CUW,E,0.0000,0.0000,0.0000,0.0001,0.1157
2026-06-21,CZE,A,0.0005,0.0016,0.0021,0.0083,0.2283
2026-06-21,ECU,E,0.0052,0.0079,0.0131,0.0329,0.3232
2026-06-21,EGY,G,0.0016,0.0044,0.0060,0.0226,0.6850
2026-06-21,ENG,L,0.0665,0.0603,0.1268,0.2560,0.9952
2026-06-21,ESP,H,0.1404,0.0910,0.2313,0.3519,0.9645
2026-06-21,FRA,I,0.1047,0.0833,0.1880,0.3198,0.9942
2026-06-21,GER,E,0.0418,0.0536,0.0954,0.1912,1.0000
2026-06-21,GHA,L,0.0001,0.0004,0.0004,0.0030,0.6499
2026-06-21,HAI,C,0.0000,0.0000,0.0000,0.0000,0.0000
2026-06-21,IRN,G,0.0077,0.0151,0.0228,0.0597,0.7035
2026-06-21,IRQ,I,0.0001,0.0002,0.0003,0.0014,0.1210
2026-06-21,JOR,J,0.0001,0.0003,0.0004,0.0017,0.1221
2026-06-21,JPN,F,0.0219,0.0303,0.0522,0.1173,0.9030
2026-06-21,KOR,A,0.0067,0.0147,0.0214,0.0604,0.9477
2026-06-21,KSA,H,0.0001,0.0006,0.0007,0.0046,0.4699
2026-06-21,MAR,C,0.0222,0.0344,0.0566,0.1310,1.0000
2026-06-21,MEX,A,0.0191,0.0274,0.0465,0.1272,1.0000
2026-06-21,NED,F,0.0333,0.0426,0.0760,0.1593,1.0000
2026-06-21,NOR,I,0.0098,0.0202,0.0300,0.0855,0.9736
2026-06-21,NZL,G,0.0001,0.0006,0.0008,0.0041,0.3871
2026-06-21,PAN,L,0.0002,0.0008,0.0011,0.0043,0.1996
2026-06-21,PAR,D,0.0023,0.0066,0.0089,0.0285,0.8122
2026-06-21,POR,K,0.0438,0.0471,0.0910,0.1744,0.8380
2026-06-21,QAT,B,0.0000,0.0001,0.0001,0.0011,0.3160
2026-06-21,RSA,A,0.0000,0.0001,0.0002,0.0011,0.1639
2026-06-21,SCO,C,0.0011,0.0031,0.0043,0.0169,0.7880
2026-06-21,SEN,I,0.0054,0.0106,0.0160,0.0474,0.6613
2026-06-21,SUI,B,0.0136,0.0251,0.0388,0.0951,1.0000
2026-06-21,SWE,F,0.0013,0.0041,0.0054,0.0213,0.8809
2026-06-21,TUN,F,0.0000,0.0002,0.0002,0.0013,0.0911
2026-06-21,TUR,D,0.0000,0.0000,0.0000,0.0000,0.0000
2026-06-21,URU,H,0.0134,0.0237,0.0371,0.0857,0.8135
2026-06-21,USA,D,0.0098,0.0261,0.0359,0.1025,1.0000
2026-06-21,UZB,K,0.0006,0.0021,0.0027,0.0112,0.4147
2026-06-22,ALG,J,0.0048,0.0105,0.0154,0.0417,0.6291
2026-06-22,ARG,J,0.2193,0.1125,0.3318,0.4858,0.9976
2026-06-22,AUS,D,0.0047,0.0097,0.0144,0.0427,0.9535
2026-06-22,AUT,J,0.0080,0.0189,0.0268,0.0723,0.9474
2026-06-22,BEL,G,0.0239,0.0334,0.0573,0.1222,0.8918
2026-06-22,BIH,B,0.0001,0.0003,0.0004,0.0028,0.4278
2026-06-22,BRA,C,0.0823,0.0649,0.1472,0.2747,1.0000
2026-06-22,CAN,B,0.0056,0.0143,0.0200,0.0571,1.0000
2026-06-22,CIV,E,0.0020,0.0054,0.0074,0.0313,0.9518
2026-06-22,COD,K,0.0001,0.0008,0.0010,0.0052,0.4028
2026-06-22,COL,K,0.0680,0.0647,0.1328,0.2417,0.9927
2026-06-22,CPV,H,0.0000,0.0003,0.0003,0.0024,0.6027
2026-06-22,CRO,L,0.0117,0.0205,0.0322,0.0771,0.8265
2026-06-22,CUW,E,0.0000,0.0000,0.0000,0.0001,0.1237
2026-06-22,CZE,A,0.0004,0.0019,0.0023,0.0087,0.2322
2026-06-22,ECU,E,0.0043,0.0068,0.0111,0.0286,0.3068
2026-06-22,EGY,G,0.0027,0.0084,0.0111,0.0393,1.0000
2026-06-22,ENG,L,0.0649,0.0594,0.1243,0.2543,0.9952
2026-06-22,ESP,H,0.1512,0.1029,0.2541,0.3879,1.0000
2026-06-22,FRA,I,0.1009,0.0852,0.1862,0.3232,0.9944
2026-06-22,GER,E,0.0422,0.0543,0.0965,0.1961,1.0000
2026-06-22,GHA,L,0.0000,0.0004,0.0004,0.0028,0.6666
2026-06-22,HAI,C,0.0000,0.0000,0.0000,0.0000,0.0000
2026-06-22,IRN,G,0.0080,0.0159,0.0239,0.0621,0.7558
2026-06-22,IRQ,I,0.0001,0.0001,0.0002,0.0013,0.1259
2026-06-22,JOR,J,0.0001,0.0004,0.0005,0.0018,0.1278
2026-06-22,JPN,F,0.0258,0.0350,0.0608,0.1376,1.0000
2026-06-22,KOR,A,0.0060,0.0148,0.0208,0.0594,0.9482
2026-06-22,KSA,H,0.0000,0.0004,0.0004,0.0026,0.4068
2026-06-22,MAR,C,0.0203,0.0341,0.0544,0.1262,1.0000
2026-06-22,MEX,A,0.0167,0.0252,0.0418,0.1190,1.0000
2026-06-22,NED,F,0.0345,0.0437,0.0783,0.1662,1.0000
2026-06-22,NOR,I,0.0094,0.0196,0.0290,0.0846,0.9771
2026-06-22,NZL,G,0.0000,0.0001,0.0001,0.0009,0.1099
2026-06-22,PAN,L,0.0003,0.0008,0.0010,0.0040,0.2026
2026-06-22,PAR,D,0.0019,0.0059,0.0078,0.0267,0.8269
2026-06-22,POR,K,0.0416,0.0469,0.0885,0.1716,0.8380
2026-06-22,QAT,B,0.0000,0.0002,0.0002,0.0014,0.3163
2026-06-22,RSA,A,0.0000,0.0001,0.0002,0.0011,0.1662
2026-06-22,SCO,C,0.0010,0.0033,0.0043,0.0180,0.8126
2026-06-22,SEN,I,0.0048,0.0109,0.0157,0.0479,0.6672
2026-06-22,SUI,B,0.0131,0.0237,0.0368,0.0920,1.0000
2026-06-22,SWE,F,0.0011,0.0036,0.0046,0.0189,0.9262
2026-06-22,TUN,F,0.0000,0.0000,0.0000,0.0000,0.0000
2026-06-22,TUR,D,0.0000,0.0000,0.0000,0.0000,0.0000
2026-06-22,URU,H,0.0075,0.0132,0.0207,0.0500,0.4279
2026-06-22,USA,D,0.0100,0.0244,0.0344,0.0987,1.0000
2026-06-22,UZB,K,0.0006,0.0019,0.0025,0.0102,0.4219
2026-06-23,ALG,J,0.0067,0.0154,0.0221,0.0590,0.8538
2026-06-23,ARG,J,0.2349,0.1190,0.3539,0.5139,1.0000
2026-06-23,AUS,D,0.0038,0.0088,0.0126,0.0375,0.9554
2026-06-23,AUT,J,0.0067,0.0152,0.0220,0.0602,0.9556
2026-06-23,BEL,G,0.0222,0.0309,0.0531,0.1142,0.8941
2026-06-23,BIH,B,0.0001,0.0004,0.0004,0.0031,0.4304
2026-06-23,BRA,C,0.0808,0.0626,0.1434,0.2744,1.0000
2026-06-23,CAN,B,0.0053,0.0129,0.0182,0.0533,1.0000
2026-06-23,CIV,E,0.0020,0.0051,0.0070,0.0306,0.9520
2026-06-23,COD,K,0.0002,0.0006,0.0008,0.0048,0.4034
2026-06-23,COL,K,0.0654,0.0633,0.1287,0.2317,0.9926
2026-06-23,CPV,H,0.0000,0.0002,0.0002,0.0020,0.6027
2026-06-23,CRO,L,0.0112,0.0212,0.0325,0.0780,0.8264
2026-06-23,CUW,E,0.0000,0.0000,0.0000,0.0002,0.1256
2026-06-23,CZE,A,0.0005,0.0018,0.0023,0.0091,0.2325
2026-06-23,ECU,E,0.0036,0.0072,0.0108,0.0295,0.3063
2026-06-23,EGY,G,0.0023,0.0077,0.0099,0.0367,1.0000
2026-06-23,ENG,L,0.0606,0.0565,0.1170,0.2537,0.9956
2026-06-23,ESP,H,0.1532,0.1089,0.2622,0.4040,1.0000
2026-06-23,FRA,I,0.1050,0.0907,0.1957,0.3336,1.0000
2026-06-23,GER,E,0.0422,0.0546,0.0968,0.1927,1.0000
2026-06-23,GHA,L,0.0000,0.0004,0.0004,0.0030,0.6651
2026-06-23,HAI,C,0.0000,0.0000,0.0000,0.0000,0.0000
2026-06-23,IRN,G,0.0070,0.0147,0.0217,0.0578,0.7561
2026-06-23,IRQ,I,0.0000,0.0001,0.0002,0.0009,0.0872
2026-06-23,JOR,J,0.0000,0.0000,0.0000,0.0000,0.0000
2026-06-23,JPN,F,0.0250,0.0352,0.0602,0.1357,1.0000
2026-06-23,KOR,A,0.0055,0.0147,0.0203,0.0591,0.9501
2026-06-23,KSA,H,0.0000,0.0003,0.0003,0.0021,0.4068
2026-06-23,MAR,C,0.0198,0.0327,0.0525,0.1229,1.0000
2026-06-23,MEX,A,0.0164,0.0251,0.0415,0.1202,1.0000
2026-06-23,NED,F,0.0318,0.0418,0.0736,0.1603,1.0000
2026-06-23,NOR,I,0.0111,0.0205,0.0316,0.0957,1.0000
2026-06-23,NZL,G,0.0000,0.0001,0.0001,0.0006,0.1073
2026-06-23,PAN,L,0.0003,0.0008,0.0012,0.0045,0.2051
2026-06-23,PAR,D,0.0019,0.0059,0.0077,0.0245,0.8363
2026-06-23,POR,K,0.0403,0.0471,0.0874,0.1703,0.8386
2026-06-23,QAT,B,0.0000,0.0001,0.0001,0.0011,0.3160
2026-06-23,RSA,A,0.0000,0.0001,0.0001,0.0009,0.1649
2026-06-23,SCO,C,0.0007,0.0028,0.0035,0.0167,0.8183
2026-06-23,SEN,I,0.0031,0.0069,0.0100,0.0328,0.5439
2026-06-23,SUI,B,0.0117,0.0225,0.0341,0.0853,1.0000
2026-06-23,SWE,F,0.0009,0.0039,0.0048,0.0198,0.9314
2026-06-23,TUN,F,0.0000,0.0000,0.0000,0.0000,0.0000
2026-06-23,TUR,D,0.0000,0.0000,0.0000,0.0000,0.0000
2026-06-23,URU,H,0.0075,0.0129,0.0203,0.0496,0.4225
2026-06-23,USA,D,0.0093,0.0267,0.0360,0.1032,1.0000
2026-06-23,UZB,K,0.0006,0.0019,0.0025,0.0113,0.4241
2026-06-24,ALG,J,0.0057,0.0139,0.0197,0.0527,0.8492
2026-06-24,ARG,J,0.2329,0.1191,0.3521,0.5056,1.0000
2026-06-24,AUS,D,0.0038,0.0078,0.0117,0.0353,0.9485
2026-06-24,AUT,J,0.0059,0.0140,0.0199,0.0532,0.9455
2026-06-24,BEL,G,0.0211,0.0296,0.0507,0.1071,0.8914
2026-06-24,BIH,B,0.0001,0.0003,0.0004,0.0027,0.4265
2026-06-24,BRA,C,0.0818,0.0649,0.1467,0.2838,1.0000
2026-06-24,CAN,B,0.0052,0.0125,0.0177,0.0524,1.0000
2026-06-24,CIV,E,0.0024,0.0059,0.0083,0.0336,0.9504
2026-06-24,COD,K,0.0001,0.0004,0.0005,0.0033,0.3246
2026-06-24,COL,K,0.0705,0.0670,0.1375,0.2444,1.0000
2026-06-24,CPV,H,0.0001,0.0003,0.0003,0.0022,0.5980
2026-06-24,CRO,L,0.0134,0.0225,0.0360,0.0905,0.9806
2026-06-24,CUW,E,0.0000,0.0000,0.0000,0.0001,0.1241
2026-06-24,CZE,A,0.0004,0.0016,0.0020,0.0080,0.2277
2026-06-24,ECU,E,0.0044,0.0072,0.0116,0.0312,0.3010
2026-06-24,EGY,G,0.0019,0.0071,0.0090,0.0350,1.0000
2026-06-24,ENG,L,0.0540,0.0554,0.1094,0.2361,1.0000
2026-06-24,ESP,H,0.1424,0.1012,0.2436,0.3742,1.0000
2026-06-24,FRA,I,0.1047,0.0889,0.1936,0.3354,1.0000
2026-06-24,GER,E,0.0405,0.0533,0.0938,0.1908,1.0000
2026-06-24,GHA,L,0.0000,0.0004,0.0004,0.0038,0.9998
2026-06-24,HAI,C,0.0000,0.0000,0.0000,0.0000,0.0000
2026-06-24,IRN,G,0.0072,0.0152,0.0225,0.0560,0.7496
2026-06-24,IRQ,I,0.0000,0.0001,0.0001,0.0009,0.0869
2026-06-24,JOR,J,0.0000,0.0000,0.0000,0.0000,0.0000
2026-06-24,JPN,F,0.0257,0.0340,0.0597,0.1386,1.0000
2026-06-24,KOR,A,0.0054,0.0143,0.0197,0.0576,0.9472
2026-06-24,KSA,H,0.0001,0.0003,0.0004,0.0022,0.4085
2026-06-24,MAR,C,0.0197,0.0322,0.0519,0.1253,1.0000
2026-06-24,MEX,A,0.0170,0.0273,0.0443,0.1300,1.0000
2026-06-24,NED,F,0.0335,0.0425,0.0759,0.1644,1.0000
2026-06-24,NOR,I,0.0109,0.0218,0.0327,0.1016,1.0000
2026-06-24,NZL,G,0.0000,0.0001,0.0001,0.0005,0.1094
2026-06-24,PAN,L,0.0000,0.0000,0.0000,0.0000,0.0000
2026-06-24,PAR,D,0.0018,0.0058,0.0076,0.0238,0.8344
2026-06-24,POR,K,0.0545,0.0614,0.1159,0.2144,1.0000
2026-06-24,QAT,B,0.0000,0.0001,0.0001,0.0011,0.3177
2026-06-24,RSA,A,0.0000,0.0001,0.0002,0.0011,0.1655
2026-06-24,SCO,C,0.0008,0.0029,0.0036,0.0180,0.8066
2026-06-24,SEN,I,0.0032,0.0069,0.0101,0.0337,0.5313
2026-06-24,SUI,B,0.0119,0.0219,0.0338,0.0850,1.0000
2026-06-24,SWE,F,0.0010,0.0035,0.0045,0.0184,0.9246
2026-06-24,TUN,F,0.0000,0.0000,0.0000,0.0000,0.0000
2026-06-24,TUR,D,0.0000,0.0000,0.0000,0.0000,0.0000
2026-06-24,URU,H,0.0070,0.0122,0.0192,0.0465,0.4127
2026-06-24,USA,D,0.0088,0.0237,0.0325,0.0965,1.0000
2026-06-24,UZB,K,0.0001,0.0004,0.0005,0.0031,0.1384
2026-06-25,ALG,J,0.0044,0.0097,0.0141,0.0407,0.7919
2026-06-25,ARG,J,0.2297,0.1172,0.3469,0.5043,1.0000
2026-06-25,AUS,D,0.0033,0.0086,0.0119,0.0366,0.9405
2026-06-25,AUT,J,0.0054,0.0115,0.0169,0.0473,0.9419
2026-06-25,BEL,G,0.0219,0.0303,0.0522,0.1103,0.8917
2026-06-25,BIH,B,0.0002,0.0010,0.0012,0.0066,1.0000
2026-06-25,BRA,C,0.0852,0.0628,0.1481,0.2913,1.0000
2026-06-25,CAN,B,0.0072,0.0201,0.0272,0.0820,1.0000
2026-06-25,CIV,E,0.0016,0.0046,0.0062,0.0292,0.9480
2026-06-25,COD,K,0.0001,0.0003,0.0004,0.0027,0.3043
2026-06-25,COL,K,0.0677,0.0642,0.1319,0.2384,1.0000
2026-06-25,CPV,H,0.0000,0.0002,0.0002,0.0015,0.5936
2026-06-25,CRO,L,0.0134,0.0226,0.0361,0.0888,0.9752
2026-06-25,CUW,E,0.0000,0.0000,0.0000,0.0001,0.1260
2026-06-25,CZE,A,0.0000,0.0000,0.0000,0.0000,0.0000
2026-06-25,ECU,E,0.0032,0.0050,0.0082,0.0254,0.2947
2026-06-25,EGY,G,0.0021,0.0073,0.0095,0.0346,1.0000
2026-06-25,ENG,L,0.0530,0.0533,0.1064,0.2255,1.0000
2026-06-25,ESP,H,0.1419,0.1010,0.2429,0.3711,1.0000
2026-06-25,FRA,I,0.1048,0.0902,0.1950,0.3370,1.0000
2026-06-25,GER,E,0.0410,0.0566,0.0976,0.1981,1.0000
2026-06-25,GHA,L,0.0001,0.0004,0.0005,0.0035,1.0000
2026-06-25,HAI,C,0.0000,0.0000,0.0000,0.0000,0.0000
2026-06-25,IRN,G,0.0066,0.0137,0.0202,0.0535,0.7293
2026-06-25,IRQ,I,0.0000,0.0000,0.0000,0.0002,0.0334
2026-06-25,JOR,J,0.0000,0.0000,0.0000,0.0000,0.0000
2026-06-25,JPN,F,0.0255,0.0358,0.0613,0.1409,1.0000
2026-06-25,KOR,A,0.0063,0.0180,0.0243,0.0700,0.9347
2026-06-25,KSA,H,0.0000,0.0002,0.0003,0.0016,0.4066
2026-06-25,MAR,C,0.0245,0.0409,0.0654,0.1444,1.0000
2026-06-25,MEX,A,0.0188,0.0277,0.0465,0.1301,1.0000
2026-06-25,NED,F,0.0341,0.0452,0.0793,0.1686,1.0000
2026-06-25,NOR,I,0.0106,0.0201,0.0307,0.0956,1.0000
2026-06-25,NZL,G,0.0000,0.0001,0.0001,0.0006,0.1081
2026-06-25,PAN,L,0.0000,0.0000,0.0000,0.0000,0.0000
2026-06-25,PAR,D,0.0019,0.0051,0.0069,0.0222,0.7685
2026-06-25,POR,K,0.0548,0.0611,0.1159,0.2149,1.0000
2026-06-25,QAT,B,0.0000,0.0000,0.0000,0.0000,0.0000
2026-06-25,RSA,A,0.0002,0.0013,0.0015,0.0084,1.0000
2026-06-25,SCO,C,0.0002,0.0010,0.0012,0.0068,0.3492
2026-06-25,SEN,I,0.0027,0.0059,0.0086,0.0287,0.5295
2026-06-25,SUI,B,0.0117,0.0179,0.0296,0.0740,1.0000
2026-06-25,SWE,F,0.0009,0.0035,0.0044,0.0188,0.9012
2026-06-25,TUN,F,0.0000,0.0000,0.0000,0.0000,0.0000
2026-06-25,TUR,D,0.0000,0.0000,0.0000,0.0000,0.0000
2026-06-25,URU,H,0.0056,0.0103,0.0158,0.0411,0.3900
2026-06-25,USA,D,0.0094,0.0255,0.0348,0.1036,1.0000
2026-06-25,UZB,K,0.0000,0.0001,0.0001,0.0009,0.0417
2026-06-26,ALG,J,0.0044,0.0100,0.0144,0.0407,0.6970
2026-06-26,ARG,J,0.2284,0.1158,0.3442,0.5025,1.0000
2026-06-26,AUS,D,0.0037,0.0075,0.0112,0.0331,1.0000
2026-06-26,AUT,J,0.0047,0.0112,0.0158,0.0451,0.8404
2026-06-26,BEL,G,0.0214,0.0288,0.0502,0.1072,0.8842
2026-06-26,BIH,B,0.0001,0.0011,0.0012,0.0070,1.0000
2026-06-26,BRA,C,0.0849,0.0631,0.1480,0.2894,1.0000
2026-06-26,CAN,B,0.0067,0.0194,0.0261,0.0807,1.0000
2026-06-26,CIV,E,0.0017,0.0051,0.0068,0.0309,1.0000
2026-06-26,COD,K,0.0000,0.0003,0.0003,0.0026,0.3004
2026-06-26,COL,K,0.0672,0.0655,0.1327,0.2377,1.0000
2026-06-26,CPV,H,0.0000,0.0002,0.0002,0.0015,0.5856
2026-06-26,CRO,L,0.0117,0.0207,0.0324,0.0825,0.9358
2026-06-26,CUW,E,0.0000,0.0000,0.0000,0.0000,0.0000
2026-06-26,CZE,A,0.0000,0.0000,0.0000,0.0000,0.0000
2026-06-26,ECU,E,0.0143,0.0206,0.0349,0.0991,1.0000
2026-06-26,EGY,G,0.0022,0.0077,0.0099,0.0344,1.0000
2026-06-26,ENG,L,0.0500,0.0503,0.1002,0.2128,1.0000
2026-06-26,ESP,H,0.1445,0.1028,0.2473,0.3791,1.0000
2026-06-26,FRA,I,0.1089,0.0954,0.2043,0.3519,1.0000
2026-06-26,GER,E,0.0350,0.0527,0.0877,0.1844,1.0000
2026-06-26,GHA,L,0.0000,0.0004,0.0004,0.0031,0.9991
2026-06-26,HAI,C,0.0000,0.0000,0.0000,0.0000,0.0000
2026-06-26,IRN,G,0.0061,0.0138,0.0199,0.0524,0.7186
2026-06-26,IRQ,I,0.0000,0.0000,0.0000,0.0001,0.0078
2026-06-26,JOR,J,0.0000,0.0000,0.0000,0.0000,0.0000
2026-06-26,JPN,F,0.0193,0.0236,0.0429,0.1125,1.0000
2026-06-26,KOR,A,0.0045,0.0125,0.0169,0.0492,0.6440
2026-06-26,KSA,H,0.0001,0.0003,0.0005,0.0020,0.4071
2026-06-26,MAR,C,0.0231,0.0386,0.0617,0.1384,1.0000
2026-06-26,MEX,A,0.0164,0.0226,0.0390,0.1099,1.0000
2026-06-26,NED,F,0.0440,0.0591,0.1031,0.2068,1.0000
2026-06-26,NOR,I,0.0109,0.0194,0.0303,0.0931,1.0000
2026-06-26,NZL,G,0.0000,0.0001,0.0001,0.0004,0.1100
2026-06-26,PAN,L,0.0000,0.0000,0.0000,0.0000,0.0000
2026-06-26,PAR,D,0.0027,0.0080,0.0106,0.0354,0.9988
2026-06-26,POR,K,0.0544,0.0623,0.1167,0.2153,1.0000
2026-06-26,QAT,B,0.0000,0.0000,0.0000,0.0000,0.0000
2026-06-26,RSA,A,0.0003,0.0012,0.0014,0.0080,1.0000
2026-06-26,SCO,C,0.0000,0.0003,0.0003,0.0017,0.0902
2026-06-26,SEN,I,0.0016,0.0039,0.0055,0.0198,0.3933
2026-06-26,SUI,B,0.0115,0.0188,0.0303,0.0750,1.0000
2026-06-26,SWE,F,0.0012,0.0039,0.0051,0.0214,1.0000
2026-06-26,TUN,F,0.0000,0.0000,0.0000,0.0000,0.0000
2026-06-26,TUR,D,0.0000,0.0000,0.0000,0.0000,0.0000
2026-06-26,URU,H,0.0060,0.0103,0.0163,0.0404,0.3784
2026-06-26,USA,D,0.0080,0.0229,0.0309,0.0924,1.0000
2026-06-26,UZB,K,0.0000,0.0000,0.0000,0.0001,0.0093
2026-06-27,ALG,J,0.0034,0.0081,0.0115,0.0322,0.6382
2026-06-27,ARG,J,0.2574,0.1389,0.3963,0.5722,1.0000
2026-06-27,AUS,D,0.0047,0.0107,0.0155,0.0430,1.0000
2026-06-27,AUT,J,0.0038,0.0086,0.0124,0.0343,0.7799
2026-06-27,BEL,G,0.0313,0.0489,0.0802,0.1740,1.0000
2026-06-27,BIH,B,0.0001,0.0006,0.0006,0.0053,1.0000
2026-06-27,BRA,C,0.0858,0.0659,0.1518,0.3035,1.0000
2026-06-27,CAN,B,0.0062,0.0168,0.0230,0.0750,1.0000
2026-06-27,CIV,E,0.0020,0.0062,0.0082,0.0360,1.0000
2026-06-27,COD,K,0.0001,0.0003,0.0004,0.0030,0.3024
2026-06-27,COL,K,0.0631,0.0635,0.1265,0.2248,1.0000
2026-06-27,CPV,H,0.0001,0.0003,0.0003,0.0024,1.0000
2026-06-27,CRO,L,0.0104,0.0187,0.0290,0.0760,0.9174
2026-06-27,CUW,E,0.0000,0.0000,0.0000,0.0000,0.0000
2026-06-27,CZE,A,0.0000,0.0000,0.0000,0.0000,0.0000
2026-06-27,ECU,E,0.0148,0.0222,0.0370,0.1080,1.0000
2026-06-27,EGY,G,0.0015,0.0046,0.0061,0.0209,1.0000
2026-06-27,ENG,L,0.0484,0.0505,0.0989,0.2147,1.0000
2026-06-27,ESP,H,0.1397,0.1046,0.2443,0.3795,1.0000
2026-06-27,FRA,I,0.1102,0.1014,0.2115,0.3705,1.0000
2026-06-27,GER,E,0.0313,0.0452,0.0765,0.1681,1.0000
2026-06-27,GHA,L,0.0001,0.0003,0.0004,0.0028,1.0000
2026-06-27,HAI,C,0.0000,0.0000,0.0000,0.0000,0.0000
2026-06-27,IRN,G,0.0059,0.0114,0.0173,0.0453,0.9294
2026-06-27,IRQ,I,0.0000,0.0000,0.0000,0.0000,0.0000
2026-06-27,JOR,J,0.0000,0.0000,0.0000,0.0000,0.0000
2026-06-27,JPN,F,0.0196,0.0254,0.0450,0.1188,1.0000
2026-06-27,KOR,A,0.0020,0.0060,0.0080,0.0237,0.4298
2026-06-27,KSA,H,0.0000,0.0000,0.0000,0.0000,0.0000
2026-06-27,MAR,C,0.0211,0.0338,0.0550,0.1299,1.0000
2026-06-27,MEX,A,0.0146,0.0230,0.0375,0.1074,1.0000
2026-06-27,NED,F,0.0405,0.0542,0.0947,0.1973,1.0000
2026-06-27,NOR,I,0.0082,0.0170,0.0252,0.0844,1.0000
2026-06-27,NZL,G,0.0000,0.0000,0.0000,0.0000,0.0000
2026-06-27,PAN,L,0.0000,0.0000,0.0000,0.0000,0.0000
2026-06-27,PAR,D,0.0026,0.0071,0.0096,0.0325,1.0000
2026-06-27,POR,K,0.0495,0.0565,0.1060,0.1955,1.0000
2026-06-27,QAT,B,0.0000,0.0000,0.0000,0.0000,0.0000
2026-06-27,RSA,A,0.0002,0.0011,0.0013,0.0079,1.0000
2026-06-27,SCO,C,0.0000,0.0000,0.0000,0.0000,0.0011
2026-06-27,SEN,I,0.0044,0.0108,0.0152,0.0515,1.0000
2026-06-27,SUI,B,0.0104,0.0177,0.0281,0.0681,1.0000
2026-06-27,SWE,F,0.0008,0.0033,0.0041,0.0189,1.0000
2026-06-27,TUN,F,0.0000,0.0000,0.0000,0.0000,0.0000
2026-06-27,TUR,D,0.0000,0.0000,0.0000,0.0000,0.0000
2026-06-27,URU,H,0.0000,0.0000,0.0000,0.0000,0.0000
2026-06-27,USA,D,0.0059,0.0167,0.0226,0.0729,1.0000
2026-06-27,UZB,K,0.0000,0.0000,0.0000,0.0000,0.0019
2026-06-28,ALG,J,0.0052,0.0112,0.0164,0.0447,1.0000
2026-06-28,ARG,J,0.2515,0.1380,0.3894,0.5679,1.0000
2026-06-28,AUS,D,0.0038,0.0096,0.0134,0.0413,1.0000
2026-06-28,AUT,J,0.0039,0.0094,0.0132,0.0379,1.0000
2026-06-28,BEL,G,0.0323,0.0495,0.0818,0.1754,1.0000
2026-06-28,BIH,B,0.0001,0.0008,0.0009,0.0051,1.0000
2026-06-28,BRA,C,0.0813,0.0654,0.1467,0.2942,1.0000
2026-06-28,CAN,B,0.0058,0.0164,0.0222,0.0734,1.0000
2026-06-28,CIV,E,0.0020,0.0057,0.0078,0.0331,1.0000
2026-06-28,COD,K,0.0003,0.0010,0.0013,0.0086,1.0000
2026-06-28,COL,K,0.0700,0.0676,0.1376,0.2531,1.0000
2026-06-28,CPV,H,0.0001,0.0003,0.0004,0.0023,1.0000
2026-06-28,CRO,L,0.0101,0.0190,0.0291,0.0709,1.0000
2026-06-28,CUW,E,0.0000,0.0000,0.0000,0.0000,0.0000
2026-06-28,CZE,A,0.0000,0.0000,0.0000,0.0000,0.0000
2026-06-28,ECU,E,0.0134,0.0199,0.0333,0.0985,1.0000
2026-06-28,EGY,G,0.0011,0.0043,0.0053,0.0198,1.0000
2026-06-28,ENG,L,0.0596,0.0620,0.1216,0.2771,1.0000
2026-06-28,ESP,H,0.1469,0.1096,0.2566,0.3954,1.0000
2026-06-28,FRA,I,0.1182,0.1059,0.2241,0.3842,1.0000
2026-06-28,GER,E,0.0294,0.0452,0.0745,0.1653,1.0000
2026-06-28,GHA,L,0.0000,0.0002,0.0003,0.0022,1.0000
2026-06-28,HAI,C,0.0000,0.0000,0.0000,0.0000,0.0000
2026-06-28,IRN,G,0.0000,0.0000,0.0000,0.0000,0.0000
2026-06-28,IRQ,I,0.0000,0.0000,0.0000,0.0000,0.0000
2026-06-28,JOR,J,0.0000,0.0000,0.0000,0.0000,0.0000
2026-06-28,JPN,F,0.0181,0.0250,0.0431,0.1158,1.0000
2026-06-28,KOR,A,0.0000,0.0000,0.0000,0.0000,0.0000
2026-06-28,KSA,H,0.0000,0.0000,0.0000,0.0000,0.0000
2026-06-28,MAR,C,0.0211,0.0348,0.0559,0.1299,1.0000
2026-06-28,MEX,A,0.0133,0.0204,0.0337,0.0983,1.0000
2026-06-28,NED,F,0.0386,0.0528,0.0913,0.1908,1.0000
2026-06-28,NOR,I,0.0073,0.0144,0.0216,0.0743,1.0000
2026-06-28,NZL,G,0.0000,0.0000,0.0000,0.0000,0.0000
2026-06-28,PAN,L,0.0000,0.0000,0.0000,0.0000,0.0000
2026-06-28,PAR,D,0.0021,0.0063,0.0084,0.0307,1.0000
2026-06-28,POR,K,0.0404,0.0502,0.0907,0.1750,1.0000
2026-06-28,QAT,B,0.0000,0.0000,0.0000,0.0000,0.0000
2026-06-28,RSA,A,0.0002,0.0010,0.0012,0.0076,1.0000
2026-06-28,SCO,C,0.0000,0.0000,0.0000,0.0000,0.0000
2026-06-28,SEN,I,0.0066,0.0166,0.0232,0.0672,1.0000
2026-06-28,SUI,B,0.0108,0.0173,0.0281,0.0686,1.0000
2026-06-28,SWE,F,0.0008,0.0038,0.0046,0.0180,1.0000
2026-06-28,TUN,F,0.0000,0.0000,0.0000,0.0000,0.0000
2026-06-28,TUR,D,0.0000,0.0000,0.0000,0.0000,0.0000
2026-06-28,URU,H,0.0000,0.0000,0.0000,0.0000,0.0000
2026-06-28,USA,D,0.0058,0.0164,0.0222,0.0730,1.0000
2026-06-28,UZB,K,0.0000,0.0000,0.0000,0.0000,0.0000
2026-06-29,ALG,J,0.0050,0.0113,0.0163,0.0443,1.0000
2026-06-29,ARG,J,0.2517,0.1370,0.3887,0.5670,1.0000
2026-06-29,AUS,D,0.0041,0.0094,0.0135,0.0410,1.0000
2026-06-29,AUT,J,0.0038,0.0095,0.0133,0.0384,1.0000
2026-06-29,BEL,G,0.0328,0.0503,0.0832,0.1776,1.0000
2026-06-29,BIH,B,0.0001,0.0007,0.0008,0.0053,1.0000
2026-06-29,BRA,C,0.0798,0.0648,0.1445,0.2921,1.0000
2026-06-29,CAN,B,0.0065,0.0172,0.0238,0.0768,1.0000
2026-06-29,CIV,E,0.0020,0.0057,0.0077,0.0323,1.0000
2026-06-29,COD,K,0.0003,0.0011,0.0014,0.0086,1.0000
2026-06-29,COL,K,0.0706,0.0679,0.1385,0.2535,1.0000
2026-06-29,CPV,H,0.0001,0.0003,0.0004,0.0025,1.0000
2026-06-29,CRO,L,0.0097,0.0198,0.0295,0.0716,1.0000
2026-06-29,CUW,E,0.0000,0.0000,0.0000,0.0000,0.0000
2026-06-29,CZE,A,0.0000,0.0000,0.0000,0.0000,0.0000
2026-06-29,ECU,E,0.0131,0.0202,0.0333,0.1000,1.0000
2026-06-29,EGY,G,0.0014,0.0044,0.0058,0.0204,1.0000
2026-06-29,ENG,L,0.0617,0.0614,0.1230,0.2787,1.0000
2026-06-29,ESP,H,0.1451,0.1092,0.2542,0.3923,1.0000
2026-06-29,FRA,I,0.1184,0.1062,0.2246,0.3831,1.0000
2026-06-29,GER,E,0.0309,0.0446,0.0755,0.1662,1.0000
2026-06-29,GHA,L,0.0001,0.0002,0.0003,0.0019,1.0000
2026-06-29,HAI,C,0.0000,0.0000,0.0000,0.0000,0.0000
2026-06-29,IRN,G,0.0000,0.0000,0.0000,0.0000,0.0000
2026-06-29,IRQ,I,0.0000,0.0000,0.0000,0.0000,0.0000
2026-06-29,JOR,J,0.0000,0.0000,0.0000,0.0000,0.0000
2026-06-29,JPN,F,0.0184,0.0242,0.0425,0.1156,1.0000
2026-06-29,KOR,A,0.0000,0.0000,0.0000,0.0000,0.0000
2026-06-29,KSA,H,0.0000,0.0000,0.0000,0.0000,0.0000
2026-06-29,MAR,C,0.0202,0.0344,0.0546,0.1272,1.0000
2026-06-29,MEX,A,0.0133,0.0207,0.0340,0.0991,1.0000
2026-06-29,NED,F,0.0387,0.0534,0.0921,0.1914,1.0000
2026-06-29,NOR,I,0.0071,0.0142,0.0212,0.0737,1.0000
2026-06-29,NZL,G,0.0000,0.0000,0.0000,0.0000,0.0000
2026-06-29,PAN,L,0.0000,0.0000,0.0000,0.0000,0.0000
2026-06-29,PAR,D,0.0020,0.0063,0.0083,0.0308,1.0000
2026-06-29,POR,K,0.0396,0.0498,0.0894,0.1725,1.0000
2026-06-29,QAT,B,0.0000,0.0000,0.0000,0.0000,0.0000
2026-06-29,RSA,A,0.0001,0.0009,0.0010,0.0072,1.0000
2026-06-29,SCO,C,0.0000,0.0000,0.0000,0.0000,0.0000
2026-06-29,SEN,I,0.0061,0.0174,0.0235,0.0683,1.0000
2026-06-29,SUI,B,0.0108,0.0179,0.0288,0.0694,1.0000
2026-06-29,SWE,F,0.0006,0.0033,0.0039,0.0173,1.0000
2026-06-29,TUN,F,0.0000,0.0000,0.0000,0.0000,0.0000
2026-06-29,TUR,D,0.0000,0.0000,0.0000,0.0000,0.0000
2026-06-29,URU,H,0.0000,0.0000,0.0000,0.0000,0.0000
2026-06-29,USA,D,0.0061,0.0163,0.0224,0.0740,1.0000
2026-06-29,UZB,K,0.0000,0.0000,0.0000,0.0000,0.0000
2026-06-30,ALG,J,0.0048,0.0106,0.0154,0.0440,1.0000
2026-06-30,ARG,J,0.2499,0.1364,0.3864,0.5673,1.0000
2026-06-30,AUS,D,0.0035,0.0100,0.0135,0.0411,1.0000
2026-06-30,AUT,J,0.0038,0.0096,0.0134,0.0376,1.0000
2026-06-30,BEL,G,0.0334,0.0504,0.0838,0.1791,1.0000
2026-06-30,BIH,B,0.0000,0.0006,0.0006,0.0053,1.0000
2026-06-30,BRA,C,0.0886,0.0692,0.1578,0.3107,1.0000
2026-06-30,CAN,B,0.0063,0.0183,0.0245,0.0783,1.0000
2026-06-30,CIV,E,0.0017,0.0055,0.0072,0.0326,1.0000
2026-06-30,COD,K,0.0002,0.0009,0.0011,0.0085,1.0000
2026-06-30,COL,K,0.0702,0.0692,0.1394,0.2545,1.0000
2026-06-30,CPV,H,0.0000,0.0003,0.0003,0.0023,1.0000
2026-06-30,CRO,L,0.0103,0.0195,0.0298,0.0705,1.0000
2026-06-30,CUW,E,0.0000,0.0000,0.0000,0.0000,0.0000
2026-06-30,CZE,A,0.0000,0.0000,0.0000,0.0000,0.0000
2026-06-30,ECU,E,0.0126,0.0198,0.0324,0.0960,1.0000
2026-06-30,EGY,G,0.0015,0.0043,0.0058,0.0210,1.0000
2026-06-30,ENG,L,0.0602,0.0616,0.1217,0.2763,1.0000
2026-06-30,ESP,H,0.1447,0.1101,0.2547,0.3950,1.0000
2026-06-30,FRA,I,0.1193,0.1061,0.2254,0.3872,1.0000
2026-06-30,GER,E,0.0291,0.0432,0.0723,0.1602,1.0000
2026-06-30,GHA,L,0.0000,0.0002,0.0003,0.0022,1.0000
2026-06-30,HAI,C,0.0000,0.0000,0.0000,0.0000,0.0000
2026-06-30,IRN,G,0.0000,0.0000,0.0000,0.0000,0.0000
2026-06-30,IRQ,I,0.0000,0.0000,0.0000,0.0000,0.0000
2026-06-30,JOR,J,0.0000,0.0000,0.0000,0.0000,0.0000
2026-06-30,JPN,F,0.0159,0.0217,0.0376,0.1046,1.0000
2026-06-30,KOR,A,0.0000,0.0000,0.0000,0.0000,0.0000
2026-06-30,KSA,H,0.0000,0.0000,0.0000,0.0000,0.0000
2026-06-30,MAR,C,0.0205,0.0342,0.0547,0.1293,1.0000
2026-06-30,MEX,A,0.0134,0.0198,0.0332,0.0983,1.0000
2026-06-30,NED,F,0.0377,0.0524,0.0901,0.1889,1.0000
2026-06-30,NOR,I,0.0070,0.0141,0.0211,0.0729,1.0000
2026-06-30,NZL,G,0.0000,0.0000,0.0000,0.0000,0.0000
2026-06-30,PAN,L,0.0000,0.0000,0.0000,0.0000,0.0000
2026-06-30,PAR,D,0.0021,0.0069,0.0089,0.0317,1.0000
2026-06-30,POR,K,0.0406,0.0497,0.0903,0.1721,1.0000
2026-06-30,QAT,B,0.0000,0.0000,0.0000,0.0000,0.0000
2026-06-30,RSA,A,0.0001,0.0009,0.0010,0.0066,1.0000
2026-06-30,SCO,C,0.0000,0.0000,0.0000,0.0000,0.0000
2026-06-30,SEN,I,0.0065,0.0171,0.0236,0.0675,1.0000
2026-06-30,SUI,B,0.0098,0.0171,0.0268,0.0676,1.0000
2026-06-30,SWE,F,0.0008,0.0031,0.0039,0.0178,1.0000
2026-06-30,TUN,F,0.0000,0.0000,0.0000,0.0000,0.0000
2026-06-30,TUR,D,0.0000,0.0000,0.0000,0.0000,0.0000
2026-06-30,URU,H,0.0000,0.0000,0.0000,0.0000,0.0000
2026-06-30,USA,D,0.0056,0.0175,0.0231,0.0731,1.0000
2026-06-30,UZB,K,0.0000,0.0000,0.0000,0.0000,0.0000
2026-07-01,ALG,J,0.0054,0.0116,0.0170,0.0449,1.0000
2026-07-01,ARG,J,0.2495,0.1370,0.3866,0.5677,1.0000
2026-07-01,AUS,D,0.0039,0.0095,0.0134,0.0408,1.0000
2026-07-01,AUT,J,0.0038,0.0091,0.0129,0.0373,1.0000
2026-07-01,BEL,G,0.0311,0.0497,0.0807,0.1757,1.0000
2026-07-01,BIH,B,0.0001,0.0005,0.0006,0.0055,1.0000
2026-07-01,BRA,C,0.0871,0.0668,0.1539,0.3066,1.0000
2026-07-01,CAN,B,0.0059,0.0179,0.0238,0.0767,1.0000
2026-07-01,CIV,E,0.0018,0.0042,0.0060,0.0289,1.0000
2026-07-01,COD,K,0.0003,0.0009,0.0011,0.0079,1.0000
2026-07-01,COL,K,0.0693,0.0685,0.1377,0.2537,1.0000
2026-07-01,CPV,H,0.0001,0.0003,0.0003,0.0023,1.0000
2026-07-01,CRO,L,0.0094,0.0194,0.0288,0.0702,1.0000
2026-07-01,CUW,E,0.0000,0.0000,0.0000,0.0000,0.0000
2026-07-01,CZE,A,0.0000,0.0000,0.0000,0.0000,0.0000
2026-07-01,ECU,E,0.0104,0.0176,0.0280,0.0859,1.0000
2026-07-01,EGY,G,0.0015,0.0042,0.0057,0.0207,1.0000
2026-07-01,ENG,L,0.0589,0.0610,0.1199,0.2728,1.0000
2026-07-01,ESP,H,0.1438,0.1097,0.2535,0.3968,1.0000
2026-07-01,FRA,I,0.1274,0.1087,0.2361,0.3990,1.0000
2026-07-01,GER,E,0.0284,0.0424,0.0708,0.1563,1.0000
2026-07-01,GHA,L,0.0001,0.0003,0.0004,0.0021,1.0000
2026-07-01,HAI,C,0.0000,0.0000,0.0000,0.0000,0.0000
2026-07-01,IRN,G,0.0000,0.0000,0.0000,0.0000,0.0000
2026-07-01,IRQ,I,0.0000,0.0000,0.0000,0.0000,0.0000
2026-07-01,JOR,J,0.0000,0.0000,0.0000,0.0000,0.0000
2026-07-01,JPN,F,0.0158,0.0230,0.0387,0.1059,1.0000
2026-07-01,KOR,A,0.0000,0.0000,0.0000,0.0000,0.0000
2026-07-01,KSA,H,0.0000,0.0000,0.0000,0.0000,0.0000
2026-07-01,MAR,C,0.0209,0.0341,0.0549,0.1278,1.0000
2026-07-01,MEX,A,0.0155,0.0248,0.0403,0.1119,1.0000
2026-07-01,NED,F,0.0372,0.0510,0.0883,0.1844,1.0000
2026-07-01,NOR,I,0.0075,0.0161,0.0236,0.0800,1.0000
2026-07-01,NZL,G,0.0000,0.0000,0.0000,0.0000,0.0000
2026-07-01,PAN,L,0.0000,0.0000,0.0000,0.0000,0.0000
2026-07-01,PAR,D,0.0022,0.0068,0.0089,0.0324,1.0000
2026-07-01,POR,K,0.0401,0.0491,0.0892,0.1726,1.0000
2026-07-01,QAT,B,0.0000,0.0000,0.0000,0.0000,0.0000
2026-07-01,RSA,A,0.0001,0.0009,0.0010,0.0068,1.0000
2026-07-01,SCO,C,0.0000,0.0000,0.0000,0.0000,0.0000
2026-07-01,SEN,I,0.0064,0.0172,0.0236,0.0682,1.0000
2026-07-01,SUI,B,0.0102,0.0171,0.0273,0.0678,1.0000
2026-07-01,SWE,F,0.0006,0.0033,0.0039,0.0166,1.0000
2026-07-01,TUN,F,0.0000,0.0000,0.0000,0.0000,0.0000
2026-07-01,TUR,D,0.0000,0.0000,0.0000,0.0000,0.0000
2026-07-01,URU,H,0.0000,0.0000,0.0000,0.0000,0.0000
2026-07-01,USA,D,0.0055,0.0176,0.0231,0.0736,1.0000
2026-07-01,UZB,K,0.0000,0.0000,0.0000,0.0000,0.0000
2026-07-02,ALG,J,0.0050,0.0108,0.0158,0.0453,1.0000
2026-07-02,ARG,J,0.2483,0.1357,0.3840,0.5656,1.0000
2026-07-02,AUS,D,0.0040,0.0096,0.0136,0.0419,1.0000
2026-07-02,AUT,J,0.0036,0.0095,0.0131,0.0371,1.0000
2026-07-02,BEL,G,0.0346,0.0530,0.0876,0.1881,1.0000
2026-07-02,BIH,B,0.0001,0.0005,0.0006,0.0049,1.0000
2026-07-02,BRA,C,0.0872,0.0673,0.1545,0.3039,1.0000
2026-07-02,CAN,B,0.0061,0.0184,0.0245,0.0760,1.0000
2026-07-02,CIV,E,0.0017,0.0049,0.0066,0.0293,1.0000
2026-07-02,COD,K,0.0002,0.0008,0.0010,0.0077,1.0000
2026-07-02,COL,K,0.0686,0.0684,0.1370,0.2529,1.0000
2026-07-02,CPV,H,0.0001,0.0003,0.0003,0.0025,1.0000
2026-07-02,CRO,L,0.0099,0.0196,0.0295,0.0717,1.0000
2026-07-02,CUW,E,0.0000,0.0000,0.0000,0.0000,0.0000
2026-07-02,CZE,A,0.0000,0.0000,0.0000,0.0000,0.0000
2026-07-02,ECU,E,0.0101,0.0172,0.0274,0.0845,1.0000
2026-07-02,EGY,G,0.0014,0.0042,0.0056,0.0208,1.0000
2026-07-02,ENG,L,0.0630,0.0629,0.1259,0.2822,1.0000
2026-07-02,ESP,H,0.1423,0.1076,0.2499,0.3908,1.0000
2026-07-02,FRA,I,0.1251,0.1114,0.2365,0.4025,1.0000
2026-07-02,GER,E,0.0277,0.0434,0.0711,0.1563,1.0000
2026-07-02,GHA,L,0.0000,0.0002,0.0003,0.0021,1.0000
2026-07-02,HAI,C,0.0000,0.0000,0.0000,0.0000,0.0000
2026-07-02,IRN,G,0.0000,0.0000,0.0000,0.0000,0.0000
2026-07-02,IRQ,I,0.0000,0.0000,0.0000,0.0000,0.0000
2026-07-02,JOR,J,0.0000,0.0000,0.0000,0.0000,0.0000
2026-07-02,JPN,F,0.0163,0.0214,0.0377,0.1043,1.0000
2026-07-02,KOR,A,0.0000,0.0000,0.0000,0.0000,0.0000
2026-07-02,KSA,H,0.0000,0.0000,0.0000,0.0000,0.0000
2026-07-02,MAR,C,0.0199,0.0333,0.0532,0.1261,1.0000
2026-07-02,MEX,A,0.0155,0.0234,0.0390,0.1100,1.0000
2026-07-02,NED,F,0.0373,0.0513,0.0886,0.1853,1.0000
2026-07-02,NOR,I,0.0083,0.0153,0.0236,0.0783,1.0000
2026-07-02,NZL,G,0.0000,0.0000,0.0000,0.0000,0.0000
2026-07-02,PAN,L,0.0000,0.0000,0.0000,0.0000,0.0000
2026-07-02,PAR,D,0.0020,0.0067,0.0087,0.0311,1.0000
2026-07-02,POR,K,0.0387,0.0489,0.0876,0.1698,1.0000
2026-07-02,QAT,B,0.0000,0.0000,0.0000,0.0000,0.0000
2026-07-02,RSA,A,0.0001,0.0009,0.0010,0.0068,1.0000
2026-07-02,SCO,C,0.0000,0.0000,0.0000,0.0000,0.0000
2026-07-02,SEN,I,0.0056,0.0153,0.0208,0.0614,1.0000
2026-07-02,SUI,B,0.0105,0.0171,0.0277,0.0689,1.0000
2026-07-02,SWE,F,0.0006,0.0029,0.0036,0.0158,1.0000
2026-07-02,TUN,F,0.0000,0.0000,0.0000,0.0000,0.0000
2026-07-02,TUR,D,0.0000,0.0000,0.0000,0.0000,0.0000
2026-07-02,URU,H,0.0000,0.0000,0.0000,0.0000,0.0000
2026-07-02,USA,D,0.0060,0.0176,0.0236,0.0762,1.0000
2026-07-02,UZB,K,0.0000,0.0000,0.0000,0.0000,0.0000
2026-07-03,ALG,J,0.0037,0.0092,0.0130,0.0375,1.0000
2026-07-03,ARG,J,0.2462,0.1379,0.3841,0.5653,1.0000
2026-07-03,AUS,D,0.0039,0.0096,0.0136,0.0413,1.0000
2026-07-03,AUT,J,0.0029,0.0084,0.0113,0.0335,1.0000
2026-07-03,BEL,G,0.0336,0.0518,0.0854,0.1834,1.0000
2026-07-03,BIH,B,0.0000,0.0004,0.0005,0.0045,1.0000
2026-07-03,BRA,C,0.0865,0.0697,0.1562,0.3076,1.0000
2026-07-03,CAN,B,0.0059,0.0164,0.0223,0.0749,1.0000
2026-07-03,CIV,E,0.0016,0.0044,0.0060,0.0287,1.0000
2026-07-03,COD,K,0.0002,0.0010,0.0012,0.0076,1.0000
2026-07-03,COL,K,0.0665,0.0686,0.1351,0.2504,1.0000
2026-07-03,CPV,H,0.0000,0.0003,0.0003,0.0024,1.0000
2026-07-03,CRO,L,0.0084,0.0174,0.0259,0.0625,1.0000
2026-07-03,CUW,E,0.0000,0.0000,0.0000,0.0000,0.0000
2026-07-03,CZE,A,0.0000,0.0000,0.0000,0.0000,0.0000
2026-07-03,ECU,E,0.0105,0.0173,0.0277,0.0844,1.0000
2026-07-03,EGY,G,0.0013,0.0043,0.0056,0.0199,1.0000
2026-07-03,ENG,L,0.0612,0.0626,0.1237,0.2798,1.0000
2026-07-03,ESP,H,0.1539,0.1097,0.2636,0.4061,1.0000
2026-07-03,FRA,I,0.1227,0.1085,0.2312,0.3988,1.0000
2026-07-03,GER,E,0.0272,0.0413,0.0684,0.1562,1.0000
2026-07-03,GHA,L,0.0001,0.0002,0.0003,0.0026,1.0000
2026-07-03,HAI,C,0.0000,0.0000,0.0000,0.0000,0.0000
2026-07-03,IRN,G,0.0000,0.0000,0.0000,0.0000,0.0000
2026-07-03,IRQ,I,0.0000,0.0000,0.0000,0.0000,0.0000
2026-07-03,JOR,J,0.0000,0.0000,0.0000,0.0000,0.0000
2026-07-03,JPN,F,0.0147,0.0222,0.0369,0.1035,1.0000
2026-07-03,KOR,A,0.0000,0.0000,0.0000,0.0000,0.0000
2026-07-03,KSA,H,0.0000,0.0000,0.0000,0.0000,0.0000
2026-07-03,MAR,C,0.0204,0.0337,0.0541,0.1285,1.0000
2026-07-03,MEX,A,0.0154,0.0243,0.0396,0.1099,1.0000
2026-07-03,NED,F,0.0357,0.0511,0.0868,0.1868,1.0000
2026-07-03,NOR,I,0.0078,0.0152,0.0230,0.0785,1.0000
2026-07-03,NZL,G,0.0000,0.0000,0.0000,0.0000,0.0000
2026-07-03,PAN,L,0.0000,0.0000,0.0000,0.0000,0.0000
2026-07-03,PAR,D,0.0018,0.0068,0.0086,0.0316,1.0000
2026-07-03,POR,K,0.0423,0.0513,0.0936,0.1771,1.0000
2026-07-03,QAT,B,0.0000,0.0000,0.0000,0.0000,0.0000
2026-07-03,RSA,A,0.0001,0.0008,0.0009,0.0067,1.0000
2026-07-03,SCO,C,0.0000,0.0000,0.0000,0.0000,0.0000
2026-07-03,SEN,I,0.0057,0.0141,0.0199,0.0589,1.0000
2026-07-03,SUI,B,0.0130,0.0207,0.0336,0.0808,1.0000
2026-07-03,SWE,F,0.0007,0.0030,0.0036,0.0164,1.0000
2026-07-03,TUN,F,0.0000,0.0000,0.0000,0.0000,0.0000
2026-07-03,TUR,D,0.0000,0.0000,0.0000,0.0000,0.0000
2026-07-03,URU,H,0.0000,0.0000,0.0000,0.0000,0.0000
2026-07-03,USA,D,0.0062,0.0176,0.0238,0.0741,1.0000
2026-07-03,UZB,K,0.0000,0.0000,0.0000,0.0000,0.0000
2026-07-04,ALG,J,0.0036,0.0088,0.0124,0.0357,1.0000
2026-07-04,ARG,J,0.2494,0.1403,0.3896,0.5682,1.0000
2026-07-04,AUS,D,0.0036,0.0093,0.0128,0.0390,1.0000
2026-07-04,AUT,J,0.0030,0.0088,0.0118,0.0342,1.0000
2026-07-04,BEL,G,0.0344,0.0525,0.0869,0.1850,1.0000
2026-07-04,BIH,B,0.0000,0.0004,0.0005,0.0043,1.0000
2026-07-04,BRA,C,0.0847,0.0682,0.1529,0.3061,1.0000
2026-07-04,CAN,B,0.0061,0.0169,0.0230,0.0754,1.0000
2026-07-04,CIV,E,0.0015,0.0047,0.0062,0.0291,1.0000
2026-07-04,COD,K,0.0001,0.0010,0.0011,0.0076,1.0000
2026-07-04,COL,K,0.0684,0.0700,0.1384,0.2535,1.0000
2026-07-04,CPV,H,0.0000,0.0003,0.0003,0.0023,1.0000
2026-07-04,CRO,L,0.0084,0.0169,0.0253,0.0630,1.0000
2026-07-04,CUW,E,0.0000,0.0000,0.0000,0.0000,0.0000
2026-07-04,CZE,A,0.0000,0.0000,0.0000,0.0000,0.0000
2026-07-04,ECU,E,0.0097,0.0174,0.0271,0.0837,1.0000
2026-07-04,EGY,G,0.0016,0.0042,0.0058,0.0203,1.0000
2026-07-04,ENG,L,0.0605,0.0623,0.1228,0.2802,1.0000
2026-07-04,ESP,H,0.1530,0.1097,0.2626,0.4038,1.0000
2026-07-04,FRA,I,0.1227,0.1074,0.2301,0.3973,1.0000
2026-07-04,GER,E,0.0261,0.0429,0.0691,0.1570,1.0000
2026-07-04,GHA,L,0.0001,0.0002,0.0003,0.0022,1.0000
2026-07-04,HAI,C,0.0000,0.0000,0.0000,0.0000,0.0000
2026-07-04,IRN,G,0.0000,0.0000,0.0000,0.0000,0.0000
2026-07-04,IRQ,I,0.0000,0.0000,0.0000,0.0000,0.0000
2026-07-04,JOR,J,0.0000,0.0000,0.0000,0.0000,0.0000
2026-07-04,JPN,F,0.0150,0.0214,0.0363,0.1035,1.0000
2026-07-04,KOR,A,0.0000,0.0000,0.0000,0.0000,0.0000
2026-07-04,KSA,H,0.0000,0.0000,0.0000,0.0000,0.0000
2026-07-04,MAR,C,0.0207,0.0340,0.0547,0.1285,1.0000
2026-07-04,MEX,A,0.0153,0.0233,0.0386,0.1118,1.0000
2026-07-04,NED,F,0.0359,0.0511,0.0870,0.1876,1.0000
2026-07-04,NOR,I,0.0077,0.0148,0.0224,0.0779,1.0000
2026-07-04,NZL,G,0.0000,0.0000,0.0000,0.0000,0.0000
2026-07-04,PAN,L,0.0000,0.0000,0.0000,0.0000,0.0000
2026-07-04,PAR,D,0.0019,0.0064,0.0083,0.0308,1.0000
2026-07-04,POR,K,0.0422,0.0519,0.0941,0.1776,1.0000
2026-07-04,QAT,B,0.0000,0.0000,0.0000,0.0000,0.0000
2026-07-04,RSA,A,0.0001,0.0009,0.0010,0.0067,1.0000
2026-07-04,SCO,C,0.0000,0.0000,0.0000,0.0000,0.0000
2026-07-04,SEN,I,0.0056,0.0142,0.0198,0.0593,1.0000
2026-07-04,SUI,B,0.0126,0.0201,0.0328,0.0788,1.0000
2026-07-04,SWE,F,0.0006,0.0031,0.0038,0.0166,1.0000
2026-07-04,TUN,F,0.0000,0.0000,0.0000,0.0000,0.0000
2026-07-04,TUR,D,0.0000,0.0000,0.0000,0.0000,0.0000
2026-07-04,URU,H,0.0000,0.0000,0.0000,0.0000,0.0000
2026-07-04,USA,D,0.0055,0.0165,0.0221,0.0728,1.0000
2026-07-04,UZB,K,0.0000,0.0000,0.0000,0.0000,0.0000
2026-07-05,ALG,J,0.0039,0.0084,0.0123,0.0358,1.0000
2026-07-05,ARG,J,0.2486,0.1393,0.3879,0.5672,1.0000
2026-07-05,AUS,D,0.0036,0.0088,0.0124,0.0397,1.0000
2026-07-05,AUT,J,0.0029,0.0082,0.0111,0.0336,1.0000
2026-07-05,BEL,G,0.0337,0.0522,0.0859,0.1845,1.0000
2026-07-05,BIH,B,0.0001,0.0006,0.0006,0.0044,1.0000
2026-07-05,BRA,C,0.0825,0.0689,0.1514,0.3027,1.0000
2026-07-05,CAN,B,0.0048,0.0143,0.0191,0.0668,1.0000
2026-07-05,CIV,E,0.0014,0.0048,0.0062,0.0282,1.0000
2026-07-05,COD,K,0.0001,0.0008,0.0009,0.0079,1.0000
2026-07-05,COL,K,0.0684,0.0697,0.1380,0.2536,1.0000
2026-07-05,CPV,H,0.0000,0.0003,0.0004,0.0023,1.0000
2026-07-05,CRO,L,0.0079,0.0164,0.0243,0.0622,1.0000
2026-07-05,CUW,E,0.0000,0.0000,0.0000,0.0000,0.0000
2026-07-05,CZE,A,0.0000,0.0000,0.0000,0.0000,0.0000
2026-07-05,ECU,E,0.0099,0.0177,0.0277,0.0848,1.0000
2026-07-05,EGY,G,0.0013,0.0042,0.0055,0.0200,1.0000
2026-07-05,ENG,L,0.0612,0.0631,0.1243,0.2820,1.0000
2026-07-05,ESP,H,0.1513,0.1099,0.2612,0.4052,1.0000
2026-07-05,FRA,I,0.1271,0.1102,0.2373,0.4051,1.0000
2026-07-05,GER,E,0.0267,0.0413,0.0680,0.1538,1.0000
2026-07-05,GHA,L,0.0001,0.0002,0.0003,0.0020,1.0000
2026-07-05,HAI,C,0.0000,0.0000,0.0000,0.0000,0.0000
2026-07-05,IRN,G,0.0000,0.0000,0.0000,0.0000,0.0000
2026-07-05,IRQ,I,0.0000,0.0000,0.0000,0.0000,0.0000
2026-07-05,JOR,J,0.0000,0.0000,0.0000,0.0000,0.0000
2026-07-05,JPN,F,0.0149,0.0216,0.0365,0.1033,1.0000
2026-07-05,KOR,A,0.0000,0.0000,0.0000,0.0000,0.0000
2026-07-05,KSA,H,0.0000,0.0000,0.0000,0.0000,0.0000
2026-07-05,MAR,C,0.0242,0.0383,0.0625,0.1421,1.0000
2026-07-05,MEX,A,0.0156,0.0239,0.0395,0.1120,1.0000
2026-07-05,NED,F,0.0347,0.0487,0.0834,0.1816,1.0000
2026-07-05,NOR,I,0.0076,0.0154,0.0230,0.0791,1.0000
2026-07-05,NZL,G,0.0000,0.0000,0.0000,0.0000,0.0000
2026-07-05,PAN,L,0.0000,0.0000,0.0000,0.0000,0.0000
2026-07-05,PAR,D,0.0017,0.0063,0.0080,0.0294,1.0000
2026-07-05,POR,K,0.0405,0.0511,0.0915,0.1762,1.0000
2026-07-05,QAT,B,0.0000,0.0000,0.0000,0.0000,0.0000
2026-07-05,RSA,A,0.0002,0.0010,0.0011,0.0065,1.0000
2026-07-05,SCO,C,0.0000,0.0000,0.0000,0.0000,0.0000
2026-07-05,SEN,I,0.0053,0.0143,0.0197,0.0600,1.0000
2026-07-05,SUI,B,0.0133,0.0204,0.0337,0.0793,1.0000
2026-07-05,SWE,F,0.0007,0.0028,0.0035,0.0148,1.0000
2026-07-05,TUN,F,0.0000,0.0000,0.0000,0.0000,0.0000
2026-07-05,TUR,D,0.0000,0.0000,0.0000,0.0000,0.0000
2026-07-05,URU,H,0.0000,0.0000,0.0000,0.0000,0.0000
2026-07-05,USA,D,0.0058,0.0168,0.0226,0.0740,1.0000
2026-07-05,UZB,K,0.0000,0.0000,0.0000,0.0000,0.0000
2026-07-06,ALG,J,0.0037,0.0083,0.0120,0.0360,1.0000
2026-07-06,ARG,J,0.2498,0.1412,0.3910,0.5657,1.0000
2026-07-06,AUS,D,0.0039,0.0093,0.0133,0.0397,1.0000
2026-07-06,AUT,J,0.0032,0.0080,0.0112,0.0333,1.0000
2026-07-06,BEL,G,0.0339,0.0507,0.0846,0.1822,1.0000
2026-07-06,BIH,B,0.0001,0.0005,0.0006,0.0046,1.0000
2026-07-06,BRA,C,0.0641,0.0597,0.1238,0.2610,1.0000
2026-07-06,CAN,B,0.0053,0.0144,0.0197,0.0679,1.0000
2026-07-06,CIV,E,0.0015,0.0042,0.0057,0.0280,1.0000
2026-07-06,COD,K,0.0002,0.0008,0.0010,0.0082,1.0000
2026-07-06,COL,K,0.0707,0.0708,0.1416,0.2543,1.0000
2026-07-06,CPV,H,0.0000,0.0002,0.0002,0.0019,1.0000
2026-07-06,CRO,L,0.0083,0.0163,0.0246,0.0620,1.0000
2026-07-06,CUW,E,0.0000,0.0000,0.0000,0.0000,0.0000
2026-07-06,CZE,A,0.0000,0.0000,0.0000,0.0000,0.0000
2026-07-06,ECU,E,0.0106,0.0171,0.0277,0.0858,1.0000
2026-07-06,EGY,G,0.0015,0.0046,0.0061,0.0206,1.0000
2026-07-06,ENG,L,0.0705,0.0687,0.1392,0.3102,1.0000
2026-07-06,ESP,H,0.1504,0.1101,0.2606,0.4047,1.0000
2026-07-06,FRA,I,0.1278,0.1085,0.2363,0.4031,1.0000
2026-07-06,GER,E,0.0271,0.0406,0.0677,0.1542,1.0000
2026-07-06,GHA,L,0.0001,0.0003,0.0004,0.0021,1.0000
2026-07-06,HAI,C,0.0000,0.0000,0.0000,0.0000,0.0000
2026-07-06,IRN,G,0.0000,0.0000,0.0000,0.0000,0.0000
2026-07-06,IRQ,I,0.0000,0.0000,0.0000,0.0000,0.0000
2026-07-06,JOR,J,0.0000,0.0000,0.0000,0.0000,0.0000
2026-07-06,JPN,F,0.0154,0.0230,0.0384,0.1063,1.0000
2026-07-06,KOR,A,0.0000,0.0000,0.0000,0.0000,0.0000
2026-07-06,KSA,H,0.0000,0.0000,0.0000,0.0000,0.0000
2026-07-06,MAR,C,0.0239,0.0380,0.0619,0.1417,1.0000
2026-07-06,MEX,A,0.0130,0.0220,0.0349,0.1017,1.0000
2026-07-06,NED,F,0.0352,0.0500,0.0851,0.1825,1.0000
2026-07-06,NOR,I,0.0108,0.0197,0.0305,0.0988,1.0000
2026-07-06,NZL,G,0.0000,0.0000,0.0000,0.0000,0.0000
2026-07-06,PAN,L,0.0000,0.0000,0.0000,0.0000,0.0000
2026-07-06,PAR,D,0.0020,0.0059,0.0079,0.0284,1.0000
2026-07-06,POR,K,0.0420,0.0504,0.0924,0.1784,1.0000
2026-07-06,QAT,B,0.0000,0.0000,0.0000,0.0000,0.0000
2026-07-06,RSA,A,0.0001,0.0008,0.0009,0.0064,1.0000
2026-07-06,SCO,C,0.0000,0.0000,0.0000,0.0000,0.0000
2026-07-06,SEN,I,0.0055,0.0143,0.0198,0.0595,1.0000
2026-07-06,SUI,B,0.0128,0.0214,0.0343,0.0797,1.0000
2026-07-06,SWE,F,0.0007,0.0032,0.0040,0.0159,1.0000
2026-07-06,TUN,F,0.0000,0.0000,0.0000,0.0000,0.0000
2026-07-06,TUR,D,0.0000,0.0000,0.0000,0.0000,0.0000
2026-07-06,URU,H,0.0000,0.0000,0.0000,0.0000,0.0000
2026-07-06,USA,D,0.0057,0.0171,0.0228,0.0752,1.0000
2026-07-06,UZB,K,0.0000,0.0000,0.0000,0.0000,0.0000
2026-07-07,ALG,J,0.0037,0.0085,0.0121,0.0364,1.0000
2026-07-07,ARG,J,0.2473,0.1415,0.3888,0.5661,1.0000
2026-07-07,AUS,D,0.0034,0.0095,0.0130,0.0388,1.0000
2026-07-07,AUT,J,0.0030,0.0079,0.0109,0.0326,1.0000
2026-07-07,BEL,G,0.0404,0.0575,0.0979,0.2029,1.0000
2026-07-07,BIH,B,0.0001,0.0004,0.0005,0.0045,1.0000
2026-07-07,BRA,C,0.0705,0.0636,0.1341,0.2750,1.0000
2026-07-07,CAN,B,0.0046,0.0145,0.0191,0.0663,1.0000
2026-07-07,CIV,E,0.0015,0.0044,0.0060,0.0284,1.0000
2026-07-07,COD,K,0.0002,0.0009,0.0011,0.0081,1.0000
2026-07-07,COL,K,0.0693,0.0702,0.1395,0.2544,1.0000
2026-07-07,CPV,H,0.0000,0.0003,0.0004,0.0024,1.0000
2026-07-07,CRO,L,0.0074,0.0163,0.0237,0.0603,1.0000
2026-07-07,CUW,E,0.0000,0.0000,0.0000,0.0000,0.0000
2026-07-07,CZE,A,0.0000,0.0000,0.0000,0.0000,0.0000
2026-07-07,ECU,E,0.0098,0.0175,0.0272,0.0838,1.0000
2026-07-07,EGY,G,0.0013,0.0046,0.0059,0.0210,1.0000
2026-07-07,ENG,L,0.0691,0.0695,0.1386,0.3051,1.0000
2026-07-07,ESP,H,0.1603,0.1111,0.2715,0.4174,1.0000
2026-07-07,FRA,I,0.1253,0.1094,0.2347,0.4053,1.0000
2026-07-07,GER,E,0.0260,0.0395,0.0655,0.1524,1.0000
2026-07-07,GHA,L,0.0000,0.0003,0.0003,0.0019,1.0000
2026-07-07,HAI,C,0.0000,0.0000,0.0000,0.0000,0.0000
2026-07-07,IRN,G,0.0000,0.0000,0.0000,0.0000,0.0000
2026-07-07,IRQ,I,0.0000,0.0000,0.0000,0.0000,0.0000
2026-07-07,JOR,J,0.0000,0.0000,0.0000,0.0000,0.0000
2026-07-07,JPN,F,0.0152,0.0226,0.0377,0.1062,1.0000
2026-07-07,KOR,A,0.0000,0.0000,0.0000,0.0000,0.0000
2026-07-07,KSA,H,0.0000,0.0000,0.0000,0.0000,0.0000
2026-07-07,MAR,C,0.0224,0.0375,0.0599,0.1406,1.0000
2026-07-07,MEX,A,0.0132,0.0207,0.0338,0.1020,1.0000
2026-07-07,NED,F,0.0349,0.0495,0.0844,0.1835,1.0000
2026-07-07,NOR,I,0.0095,0.0187,0.0282,0.0914,1.0000
2026-07-07,NZL,G,0.0000,0.0000,0.0000,0.0000,0.0000
2026-07-07,PAN,L,0.0000,0.0000,0.0000,0.0000,0.0000
2026-07-07,PAR,D,0.0017,0.0062,0.0079,0.0293,1.0000
2026-07-07,POR,K,0.0370,0.0451,0.0821,0.1614,1.0000
2026-07-07,QAT,B,0.0000,0.0000,0.0000,0.0000,0.0000
2026-07-07,RSA,A,0.0001,0.0008,0.0009,0.0067,1.0000
2026-07-07,SCO,C,0.0000,0.0000,0.0000,0.0000,0.0000
2026-07-07,SEN,I,0.0051,0.0141,0.0192,0.0572,1.0000
2026-07-07,SUI,B,0.0129,0.0203,0.0333,0.0789,1.0000
2026-07-07,SWE,F,0.0008,0.0028,0.0036,0.0159,1.0000
2026-07-07,TUN,F,0.0000,0.0000,0.0000,0.0000,0.0000
2026-07-07,TUR,D,0.0000,0.0000,0.0000,0.0000,0.0000
2026-07-07,URU,H,0.0000,0.0000,0.0000,0.0000,0.0000
2026-07-07,USA,D,0.0041,0.0143,0.0184,0.0636,1.0000
2026-07-07,UZB,K,0.0000,0.0000,0.0000,0.0000,0.0000
